2428951434,苏州规划阿秉
1654097402,深港双城双年展
1793654110,假城道
1368925200,凯恩小斯
1998962707,jonahtong
1664941763,金哲de围脖
1223299212,牛刀
2457903910,深圳市城市交通白皮书
1765359505,Leo_nono
1620631364,孙成仁新都市规划
1412310310,高木植
2127817111,规划师石楠
1706574214,朱小筱
1569597151,中国园林网
1745573472,急诊科女超人于莺
3096705901,深圳市前海管理局
1003128015,赵云伟博士
1036437054,0HOLT0
1833547551,狗振子
1892742605,浮游生物-yl
1805489442,摄影师陆杰
1671342103,张泉灵
2249422111,陈鹏caupd
1935396107,中国城市和小城镇中心
2107766904,左兑右离
2789721340,07政行清涵
2037872137,onze1188
2217074200,兰潇-楚行客
2839965362,王志军观博
2003820775,乔乔Candy
1233336911,贺承军
2326529195,两江规划
1250192997,夏雨Eunice
2723082782,常州规划
1721825977,许小年
1400434053,真-刘明喆
1773682092,南海匠人
1975492981,岸芷汀兰-传媒
2098993602,桥瑟雨菱在沧浪
2803301701,人民日报
1826004027,antelope1979
1929634283,C家用地
2266179184,城市规划专指委
1402823494,李郇-城市化
2665561065,中国城市规划设计研究院西部分院
1949305184,微博桌面
1822996685,寿劲松
2021712187,建筑规划景观设计资料
2112524341,邱记茶馆
1452043882,小拉在sz
1990568127,规划尹成凯
1406780987,城市规划师敬东
2156924260,深圳蕾奥城市规划
1948030305,尹香武_半求
1401299304,Philliesflyers
1376723560,程一木
1772677564,王峰ajax
2798892495,伊犁州城乡规划设计研究院
2705070933,中国城市规划展组委会
2266290450,深圳市公园管理中心
1528337582,LANDSSS设计
1803146573,疯格-叮咛
3222577514,江苏仁本交通规划设计有限公司
2230429483,Urban-Bung
1641532820,南都周刊
1874261175,香港大学官方微博
1661325893,广州新浪房产
2056815092,Cara晓春
1895083387,lynia
1705619167,胡子明围脖
1409115052,流浪的小影子
2127470275,程龙加油
1817740351,王兰WLAN
1676176505,李津逵
2031046623,冼剑雄
1301732760,城市中国
1933909112,蝶翠老猫
3791714304,思汇政策研究所
1878545617,我是赵厂长
1687486525,颜小茜
2464936362,林瑋婕
2489771123,信者居易
2152905692,粤商转播台
3471750462,英国朴瑞
1650297684,庞伟_景观观点
2111844404,张京祥南大规划
1835406283,denis_summer
2883017845,哈工大就业
2675242321,李剑仕
1497430180,冯凡planner
2521220841,Yale_徐忠平
1859367324,董超在现场
2610584165,宋彦-规划
1766622267,非常建筑师
1830420574,北京客-贵贵
1133106970,长公子威_张威
1225679302,城市智商
1784432235,无聊游水虾
2128483157,栾峰1239
1822779365,孙小佩
1407942780,唐珊blog-ady
1893471641,张险峰-规划人的生活
1777494764,18岁的俊明blue
3213934502,时代建筑杂志
3197055600,深圳绿化
2010761464,diego迭戈
2128713531,凤凰城市
1443664325,i还看今朝
2397172672,荣昌县规划局
2018027923,中规院玉树工作组
2767176904,深圳市企联
2231185865,Hongjiie
1736556003,张鹏_Patrick
1070754721,城规田宝江
2881290250,宝安城市管理
1903055994,05的空间
1840134345,林涛_集群评论员
1420488337,舒泰峰
2627706473,洛阳市城乡规划局
1980299871,清华大学学生会
2571597512,丹阳规划局
1994792770,汤桦
1982371847,天津大学学生会
1497443132,傅振国
2119092745,Devil_angel96
2115984241,罗震东
2408239140,深圳市城市规划设计研究院足球队
2385807760,北京大学研究生会
1432798271,Less-or-N
2475844860,Echo晓
2916720804,英德市规划局
2116419941,Tony钱
2194556831,立群斯基
1863030423,邢一顺
1820787284,RIPTIDE锐态
1884856825,玉儿1027
1662824205,芒果漂流记
2537540024,城市规划学刊
1902275902,都是梦想惹得星空灿烂
3034927685,youtouch2012
1562536164,971粉粉
1895376871,程澐
1237807280,深圳_大鹏湾
1823790847,阿明爪子
1674190040,冯果川
2785948777,蓝林恩熙Sophia
2110701342,湛江市城市规划局
1193491727,王石
1866942320,秋去秋再来
1708242847,刘力博士
2996726741,上海麦塔城市规划设计有限公司
1865905142,晒太阳sunshine
1676448314,索一休
2103470842,GDUT建筑与城市规划学生会
2019706031,DONGWEI-MOMO
2398221160,苏运升
1848842457,郭枫-2008
1673450991,建筑在线
1421233110,危言规划
2775956487,中国城市规划设计研究院深圳分院
1963343613,Asiacity
2858032360,深圳市规划和国土资源委
1874362225,蓝弋2010
1097952885,MomoZone
1013147297,徐海贤
1307956891,管不住嘴的吃货想减肥-琦
2007202953,mardey
1005005114,饶小军V
3213978314,筑博Z_Studio
1884835087,王冬雪1985
1416424067,营国拙匠
1989632001,顾福福
1934183965,微博管理员
1715739383,毕学锋bxf
1747368591,一个头N个大
1885122610,薛薛crystal
2181663045,规划师小雅
1704886972,康微博_0506
2153287870,流泉-胖子小心肝儿
2383784152,陆地围脖
1781379945,微博Android客户端
1263604374,韩依纹_EVA
1446716917,还是那片深蓝
2819799597,定兴县规划局2012
1335746093,刘朝晖_
2694863670,我期待回到童真的神采
2143851385,海洋于外
1824870163,ant1999
1583301300,大爱和畅
1402572801,肖莹光
2004546587,刘举-规划
2660633211,新安县规划局
2255629963,张汛翰
1641945563,区文Owen
1842566243,农夫姗泉
1890980632,fullup
2496686695,北京规划
1898931703,申晓力
1969004471,Jendy白
1769305255,lilyis_
1190651465,赵_蔚
3149023234,深圳零废弃
1462801145,吹水同学
1311082967,传媒挚淳
3180720274,中国城市规划设计研究院
2164782435,郭湘闽
1656312042,以斯帖狗
1667581453,阳光的杜杜
2598857707,UA_杨凌
1881874080,菜菜不做饭
1959204751,劉珩_doreen
2704106041,ArcGIS中国培训中心
1434208855,厂皮777
2327658082,城市设计万钧
1884694285,华南理工大学学生会
2173685532,城市规划英文版
2663689723,登封城乡规划局
2027747442,时代建筑戴春
1928737010,土豆阿門110
2091331205,李京生123
2277090535,中国区域经济研究网
1797168767,大城微声
1807640522,陈深达
2013310652,依拉里来
1858616402,German辉
1678550781,马生泓-建筑师专访
2840308163,中国地理科学仪器暨装备展览
2102272572,光芒CA
1895947650,努力-做最好的自己
2348248513,台山飞
2159453704,SYSU-plalsj
1679753137,乔栋-友成基金会
1678870364,企业认证服务
1401130602,破锣-孙四
1302248017,澧县规划局
1819644587,popmouse007
2205336874,老高的浮云
1401151052,干靓Amy
1106932221,晨光曦
1171964670,yang_yifan
1723981287,潘金莲日记
3171790951,建设咨询网
2122895045,中国历史建筑保护网
1834183610,老雒luo
1791942375,iM小崔崔
1297419820,汤海孺
1744337625,金婕8023
1308159154,LEEYB-LFC
2944912033,伊戈达拉Iguodala
2184027533,城乡规划网络学习平台
2011616174,南海规划
2714351020,江阴规划
2154102690,妙宇星空
1194868525,张颐武
1968767385,葡萄辛小胖
1225695625,犀牛戏水
1868882845,华工广州学院学生就业指导中心
1773037195,alpha朱虹
1782059323,何万篷
1660489635,文刀人仑THU
2131445784,深圳规划邹兵
1786109420,JKenyon
1768259670,曹mu
1811910524,sansanfeng
1517845650,全氏围脖-全永燊絮语
1451305591,XUZHONG0328
1974254884,深圳房地产信息网
2291037914,城市探路者
1454119643,zhangwenqi_1216
2073283767,李翔宁的博
1877054785,宏韬2013
1898112121,高建的昵称被抢了
1375862257,孙施文
2530254154,西安建筑科技大学校研究生会
2840274521,建大老段
1687995292,行者江浩波
1651274672,绒毛小仪
2920260272,
1885190932,侯丽_L
2260310350,叶修风
2257214781,舒满楼
2493375755,焦姣011951
1680501435,安静的狗尾巴草
1956253180,港大李卫锋
1911533883,Simplicity2011
1821907411,联合国环境规划署
1414148492,共识网
1892723783,中山大学
1711649863,肖水龙
3198107313,四海方舟2012
1832562162,同济大学校友会
1662085493,陈斌nerd
1866799925,like慢生活
1849853213,IVY小袁小满
1798330264,诸大建
1963037651,马向明微博
1653753911,卓健
1931079151,娟子佑佑
2675183351,邯郸市城乡规划局_共青团微博
1805673751,王缉宪
1099512181,黄亚平_华中科大
1025696971,豁蒙_suman
2156809164,红楼鬼话-魏立华
1401277175,TTY一灯
2049919575,微子高
2661298321,李佐军
1496977420,晓昱扬帆
2109257807,城市中国网
2839048620,深圳市红树林湿地保护基金会
3248113980,清华同衡生态城市研究所
1811707572,东南大学大学生新闻社
2049451423,Germany任
1676635291,王璞
2696115371,董鉴泓
1363481342,真真Janet
3161170922,孙一民工作室
1925536524,0_迷糊娃娃_0
2624052687,扬州规划局青年
1735862554,南方日报深圳观察
1806941622,小张同学---Ice
2858032552,阳光宝安
2313290200,sysu-黄耿志
1916783204,深圳政协委员谭刚
2010321673,嘞咳嘞咳嘞咳
2644540971,郑州规划局
1427283483,中规院深圳分院
1040691982,蕾奥朱旭辉
1851613025,罐头是传传
1871802012,深圳天气
1093622153,吴祚来
2815576861,增城规划
1449959081,深圳哈吉
2649470381,阜康规划局
1730365875,企业微博助理
1905635315,城市与设计
2495091822,城脉
1449762394,深圳温国辉
1734430063,缓缓再说
2188379431,中大袁媛
2920515724,在路上黑崎一护1994
2095696670,中山大学研究生会
1888994222,周海波I
2342338430,刘宛遛弯儿
1958114904,川西异客
1680598383,中国旅游研究
2345038014,阿祯规划
1340007515,菜包bo
2048888711,栋笃lv
1775280033,安息火山
1491002813,马路客
2286581370,新快报_深读新闻
1839805640,张永和
2854618284,米苏张小虎
1927851460,程程-橙子
1570014091,卢诗华_规划与建筑及其他
1975785387,静规划安天下
1593387495,规划师和摄影师
1899158172,马鋆辉
1417484731,竹下春闲听雨窗
2084391013,深圳大象
1881166450,LU芊言
1910238847,金矢
1497261092,feather0313
1955880520,jiannan_wu
1705602977,设计英才网官方微博
1496816727,北极熊爸
2001675890,黄师傅2011
2598911233,乌鲁木齐市规划局
1990127523,芒果西米pu
1949018972,深圳魅力交友夜蒲加群
1151864311,规划手艺人
1802565640,ks系
2636607733,规划年会
2860998382,壹读
1714338833,因特虎老亨
1011440193,吴志强WUS
1421470864,宇成大极
1134851321,叶家的小珈珈
1661074762,燕西非_陶滔
1899019960,王伟强
2217448555,王凯中规院
1845595223,振興路規畫藍領
1793461060,yw_vivi
2393797630,福建工程学院建筑与城乡规划学院
2281577804,WA_WA80
1646258057,匡形-新城镇规划的领导者
2105025773,建筑专题v王曦
1437539603,coolgirl娟妍
1962310741,微相册
2306061943,规划设计潇
1930097187,深圳市城市设计促进中心
2772321831,城市规划杂志
1980662380,封昌红
1722393370,阳杨得一
1804330661,满莎
2187707052,张磊HIT
2093564991,舟寒
2169683527,广东建设信息网
3059794242,Echolley
1218923720,小熊婷婷Cecilia
1970984185,镇江规划
2255670821,尹稚
1782874742,深圳清华大学研究院
1906790387,赵亮的微
1971428837,靠谱的佳卓
1496850204,封新城
1429410204,知行合一张国华
1827652007,于建嵘
1220291284,作业本
1676357203,杨保军
2816806134,垫江县规划局
1859630497,余治国观察
1794389305,forever_eco
1892522605,同济大学学生会TJSU
3121152923,-Jennife-
1861810245,Xumingming_Caupd
2128472304,章明OriginalDesign
1930034745,华阳国际_唐志华
3319943034,西安建筑科技大学土木工程学院
1794467525,纪录鼓楼
1402694641,十年沧海
1881907762,TAOJAN
2320129807,站定宫门叫小番
1813210443,麦子程
1999143575,王富海规划
1865459081,D0NGKE
2151048333,UT军张
1645101450,假装在纽约
1405793213,李慧轩_
1155463344,深圳曹汉平
1650278347,豆豆长痘痘
1894082757,pp_豪
1432333925,那郭建波看天下
1746135580,isabe
1237358497,马清运的微博
1961664557,圈圈_趴趴
1865154537,同济大学
3099476141,深圳财政SZFC
1687240847,规划小僧
2498281544,北京清华同衡规划设计研究院
1915566245,奔跑de竞宇
1971252347,Angelas罗小倩
2724955717,柳州市规划局
1639075680,城市规划专业交流
2062195520,张松514
1229320412,史舸
2820576644,十堰市规划局建工科
1676225540,chienvivian
2173819343,刘琛0086
1651980683,深圳规划孙畅
1588365792,龚光君1983
2711218447,田莉planner
2001149307,王波tzh
1930162204,菁海辶间
1770646902,张梧峰
1642909335,微博小秘书
1610051605,yankang669
2057384454,深圳热点
2708425425,香港中文大學研究生會
2285618580,俞斯佳
1779036530,何潇宁
2770068403,tj老真
1629681802,中国书画艺术
1280156013,噢噢喔喔哦哦OO
2014158270,华南理工大学研究生会
2048328407,sumeen
2048765610,同济校园
1655686064,流浪的小鱼
3756189703,街道设计与大数据
1436809885,加菲猫sz07
1051163990,东张西望的陈小怡
2335414090,猫猫们的天狗
1723622780,美国规划协会
2718439773,清远规划
1191965271,三联生活周刊
2803471564,qpzmwoxn129497
2239890747,杉米_小小
1813313920,QIN-雨
1869963033,小狐围脖南京
1260411701,Geo-apprentice
2119596753,Bobomama2000
2006397831,申远空间设计王正军
2789980564,22222222222222清绮
2251594725,不一样的雪地红叶
1873814284,邹涛CAUP
1798914307,规划小旭
1764455997,iViGGo
1740818962,麻辣鞭炮花JC
2285588303,牛尾上的蚊子
1995160095,城市规划学刊--jlxiao
2740451532,陈佳骏也要开心
1401705857,格林威治时间的小窝
2117629080,狮子林-张震宇
1644787197,永丁燃松
1916196045,深圳政协金心异委员
2151074090,五月沙棘花
1741898081,zhanghw21
2097124973,王世福阅城
1883648993,同济大学BBS
2372988170,华南理工大学新闻中心
2027402190,深圳市规划国土委
1401437913,笑谭中国
2920549952,处女迹部景吾1994
2810364050,大姑娘阿散井恋次
1439591115,_Melinda_
1147122732,冯奎
2728177385,企业微参考
1942771490,樵山潮人
1744259092,凯迪网络
1655102792,felixgao
1601563590,代秀龙-upla
3237705130,北京大学
1287137967,pang狐狸
1296529233,刘强-同舟共济
1900232583,俞静F
1612672424,于立_在威尔士卡村窝着
2177993751,何为规划
2196003565,孟建民mjm
3386749232,芦山县灾后重建规划组
2200585927,北京大学深圳研究生院
2137238261,绿色零立方
1783675090,咪糊猫
1778272104,18岁的兰英Cindy
1932554064,生态设计低碳生活
1605359285,杨书涵义
1864611157,提提的围脖
1923327674,唐崇武
2304418954,王__晓东
1154591501,建筑时报广东
3331682764,城市影像学委会
2131781093,董向锋1978
2655236343,郑州城乡规划局
1739562541,胥苗龙
1879297722,coralmice
2413709584,WANGJQ_CAUPD
1756517887,蔡筠_
2586020124,澳門我城社區規劃合作社
1707295914,木剑先生-刘磊
1994432344,卓_WADE
2398342101,叫我小瓶子
1170770484,牛牛花儿
2072087291,同济陈晨
1859738505,笑而不语的老友粉
1911767681,清华大学研究生会
2459702394,同济大学学生就业指导中心
3266535421,城镇水务与工程研究院
1678238417,风载我歌行也
1764991433,永涛GU
1407342130,厂皮
2081317095,陈志端
3295714561,深圳设计师俱乐部
1950034254,东大周永忠
1649457955,广大大
1849556092,jennice345
1454620343,南萧亭
1350962184,Trentumw613
1793735244,易晓峰gz
2504164370,钮心毅
1847426285,老梁-有话说
2635789851,明显耳东陈
2018718691,大头_洪涛
2118207584,城市空间唐曦文
1852633103,SUMMER巴巴鲁
2808130880,小妹阿尔德拉
1747892302,Ellen_UPR
1401234984,漂流瓶liouhuei
1407785737,锆_尘
1400028804,YinHL_
1403920593,京城斩公靳东晓
2151929544,真水无香1973
2118683684,深圳清华研究院DBA与PhD
2132449890,华南理工大学就业在线
2884375822,双流规划
2612047942,宿迁-规划
1885668743,城规任胜飞
1757452285,Boss-Kang
1724921917,云逸Mimi
3168059951,上海天意天映文化传播
2373938437,资源环境与城乡规划管理
2663201497,东莞规划
2934312410,吴缚龙
1933278647,欢乐水晶晶
1726975032,哈尔滨工业大学招生办
1614037520,余英
2178841144,清华大学住区杂志
2615394572,次第花开无声
2092965653,国际城市规划
2201288185,刘博一般在早上七点三十分起床
1409431402,七把吉它
1496820604,程青
1689230501,麦肯锡季刊
2526951555,spring-bird
1035662737,活在同一天
1198389164,陈劲松
1749748441,WACKY伍
1911121020,濮老板
2590412790,Catmiss2
1644787534,小7妞
2837011834,马鞍山规划
1933818237,宁宁ningningxu
2251882707,佛萝啦
1747366741,网眼八分斋
1729089442,胡胡1981
1403839663,刘悦来
3266865447,工程规划的春天
1420655977,张播
1690044235,兰亚红
2384746002,毛_豆_老豆
1434920341,李志平_city001
2671109275,新手指南
2144708992,袁奇峰规划
1976435797,秦元深圳
2277910625,AC规划_W
1852453573,糊噜噜
1855785275,只知道酣睡的闵猫猫
2972298822,西安建筑科技大学学生会
1306880240,长江头嘉陵北
2573458522,张光远画苑
2520981420,中国大学视频公开课
1799305173,天津大学生网
1425783080,木紫月1028
2711703073,五划合一
2031724947,国匠城市规划论坛
1235519460,0000000绿铃
2554349742,青白江规划
2829775290,songzwfoxmail
1948107700,想像小猪
1688466510,alakh
1781387491,微博iPhone客户端
1785075601,周天勇
2919448240,13班勘稱傳奇景辉1987
2254798002,周静敏de微博
1676002594,陈洋Hanven
1054431105,国际景观协会
1223237202,华生2010
2803303322,happy朱鹭户沙耶
1241988090,生态旅游学者乌恩
2130116231,周江评
1224716044,Bifacca
1285085761,追风大尾巴狼
2860723377,宿迁市规划局宿城分局
2551556597,哈尔滨工业大学深圳研究生院
2084166247,Abby-pei
2092586490,dnbe
1234762024,开彦
1748804141,胡天新
1739227522,FUFUFAFA
3053764461,无锡市规划局
2016713117,微博客服
2502495404,成都理工规划院学生会
1742417155,rebacca小猫
1885217965,vanspring2010
2590419820,珠海市住房和城乡规划建设局
1871729063,天津大学
1237552097,俞昌斌
1864804267,刘永合的微博
2430035533,正_1
2608407297,匠心营国-耿宏兵
1630652257,林-_-健
1865029553,設計物語LAI
2012541163,罗雷Ray
1036788487,谢奕秋
2153167277,幸运跳跳妈
2820032410,明朗客
2117133394,规划张三
1820813781,SUPER不YOUNG
2092764477,yaohuasong_gz
1953147171,京北1987
2622828594,政府规划师
2892786960,深圳微博发布厅
2733709780,海口市规划局
2671803661,武汉国土规划
2125243597,中国凤凰茶馆
2640865607,淮文斌
1918228805,文-武-道
1285321943,SUSU单丛茶
1740428503,规划中国
1012425625,规勒个划
1988109375,马蹄香
2010812491,规划师斌舶
2934656870,深圳联播
2042463163,同济大学研究生会
1494873582,王英wayi
1901311775,魏伟W
1569451174,Nicolefighting2012
2053481555,毛毛夏天_TFF
1698201571,云慕鸿
1633922357,李志刚广州
1697562765,梁伟清华同衡
1596329427,克里斯托夫-金
2846094117,城市的崛起
2129997325,Wang-Yajuan
1243629662,王缉志
2359605341,赵余庆规划
1053224930,荆大爪子
1687073543,-章炜-
2187789502,城市规划资讯
1873625985,哈尔滨工业大学
2010278615,viimo
1676317545,清华大学
2582841452,hyhxian
1459173541,欧乐妮
1765865313,分析师徐彪
2090647477,佛曰淡定
1823024253,深圳大学学生会
2674817072,陈荣_规划与玉与禅
1097626460,sunaj2011
1848144453,冰仔_冰仔
1773671371,urban--farmer
2239933453,深圳市建筑科学研究院
1603304132,Xl_XI
1233394050,翕PP
1863057363,秦朔
1865637182,睡神-宅人-吃货
2677963831,鄂托克旗规划局
1898065072,黄威文V
2804809457,深圳市城市规划设计研究院
2248878662,宁波市规划局
1657532844,中国城市发展网官方
1957289733,慧酱正能量0_0
1976020890,东南大学学生会
1978919262,井晓鹏
1705328512,JOJO1987
1963995354,大可jacky
1100126534,金余QQ
3172682147,丁榮生丁榮生
2729129153,南昌规划
1884714837,孙振华的葱
1210577820,王志纲
2953498642,记记手机日记
2245192311,蒋依依的微博
1863363145,小猪呼噜噜rr
1703010470,东南大学
2084844401,加菲1小7
1797174742,中山大学学生会
2042725697,天津大学研究生会
2773481583,北京大学学生会pkusu
2411911984,城市交通杂志
2839453671,rosstti
2474957613,CAUPD陈明
1923958755,DPC规划设计展览会
2421898012,王缉慈
1378505195,-土壤-
1855438412,ekong2000
2630419195,同济王新哲
1933047967,嘟嘟的老爸2010
1725935584,竹子的法师
3454610032,山东老昝
2315954083,济源市城乡规划管理局
1936179770,睿妈的围脖
1916539502,深圳人大代表郑学定
2706473107,景观文化
1733577270,悟空小二
1800850901,吴必虎
1862426362,深圳陈希
1816871887,秀水嘉禾
3166425270,中国城市规划设计研究院上海分院
2616144771,地标城市规划设计
1496926603,chuanch
1767493280,明其道_先生
1290054490,邹永华z
1079598922,小柒爱辽足_
2789834070,天蝎帕鲁
2625446053,国际城市创新发展大会
1646783695,西安建筑科技大学笃实新闻网
2665053413,島上的男爵
1915244793,郁郁文哉
1402474962,烽炼
2132451820,中国城市规划学会
